chat_id,jwtoken,question
304,eyJhbGciOiJIUzI1NiIsInR5cCI6IkpXVCJ9.eyJzdWIiOiJ1c2VyMSIsImV4cCI6MTc0NDAxMDc4MX0.Jj-HQtk1SP_gLDceGp2JLhJYm9QItq_fNcxF72MFvZg,¿Qué dice el texto?
305,eyJhbGciOiJIUzI1NiIsInR5cCI6IkpXVCJ9.eyJzdWIiOiJ1c2VyMiIsImV4cCI6MTc0NDAxMDc4Mn0.2lOmq9WzYS4ao3kvlP6iM_DjhtRkJRQyLXl7Ew2f4VA,¿Qué dice el texto?
306,eyJhbGciOiJIUzI1NiIsInR5cCI6IkpXVCJ9.eyJzdWIiOiJ1c2VyMyIsImV4cCI6MTc0NDAxMDc4M30.0DHOimWiRbi-lt0eagd86YatiIPhryj4sQhrIUMp9vI,¿Qué dice el texto?
307,eyJhbGciOiJIUzI1NiIsInR5cCI6IkpXVCJ9.eyJzdWIiOiJ1c2VyNCIsImV4cCI6MTc0NDAxMDc4NH0.9MkS5VKuc2CGt6rs0YfM8FYtXXA62oFzZMnXiA3PS5o,¿Qué dice el texto?
308,eyJhbGciOiJIUzI1NiIsInR5cCI6IkpXVCJ9.eyJzdWIiOiJ1c2VyNSIsImV4cCI6MTc0NDAxMDc4NX0.EdVDmpkzmzmJV8l_tEcVQtwRzRE2K8glslgcEZD09_M,¿Qué dice el texto?
309,eyJhbGciOiJIUzI1NiIsInR5cCI6IkpXVCJ9.eyJzdWIiOiJ1c2VyNiIsImV4cCI6MTc0NDAxMDc4Nn0.XG79ddGxiG1O0Ym5SMrSUCEtb05HIUDvYWdEh21tjuA,¿Qué dice el texto?
310,eyJhbGciOiJIUzI1NiIsInR5cCI6IkpXVCJ9.eyJzdWIiOiJ1c2VyNyIsImV4cCI6MTc0NDAxMDc4N30.8CaqNtJuk_VKATOVWzyk5dNRrapWG_UiHmNJKZX0apk,¿Qué dice el texto?
311,eyJhbGciOiJIUzI1NiIsInR5cCI6IkpXVCJ9.eyJzdWIiOiJ1c2VyOCIsImV4cCI6MTc0NDAxMDc4N30.pVd4pm_sgdinBv8MLSeR0IKztLNBM5NRcZb3BqIfWrE,¿Qué dice el texto?
312,eyJhbGciOiJIUzI1NiIsInR5cCI6IkpXVCJ9.eyJzdWIiOiJ1c2VyOSIsImV4cCI6MTc0NDAxMDc4OH0.o4gHJUPd9vbzskjH2ZomwCxw4kDmkPiudaH866lbeQE,¿Qué dice el texto?
313,eyJhbGciOiJIUzI1NiIsInR5cCI6IkpXVCJ9.eyJzdWIiOiJ1c2VyMTAiLCJleHAiOjE3NDQwMTA3ODl9.njBCxYsva58ssBXKP5okeRyAEuGmJEGitef_94NIuVc,¿Qué dice el texto?
314,eyJhbGciOiJIUzI1NiIsInR5cCI6IkpXVCJ9.eyJzdWIiOiJ1c2VyMTEiLCJleHAiOjE3NDQwMTA3OTB9.hSdV0tGtHa8Vu1G4ooL71aTg3by84EmIOkkpjjrZMg4,¿Qué dice el texto?
315,eyJhbGciOiJIUzI1NiIsInR5cCI6IkpXVCJ9.eyJzdWIiOiJ1c2VyMTIiLCJleHAiOjE3NDQwMTA3OTF9.LNs2onKau-WEkJ_SbGZLU1SRI3aTZCpEhfWbIgF9ok4,¿Qué dice el texto?
316,eyJhbGciOiJIUzI1NiIsInR5cCI6IkpXVCJ9.eyJzdWIiOiJ1c2VyMTMiLCJleHAiOjE3NDQwMTA3OTF9.qNPVMeo3nFEq5Uplpo70YtnCrN4JvKo5iWo0S6DyNCM,¿Qué dice el texto?
317,eyJhbGciOiJIUzI1NiIsInR5cCI6IkpXVCJ9.eyJzdWIiOiJ1c2VyMTQiLCJleHAiOjE3NDQwMTA3OTJ9.GwIn-hd_rrhSVY6VnM25r9R326klhtBi4CSSC0Ow6AI,¿Qué dice el texto?
318,eyJhbGciOiJIUzI1NiIsInR5cCI6IkpXVCJ9.eyJzdWIiOiJ1c2VyMTUiLCJleHAiOjE3NDQwMTA3OTN9.wh5GpQjAXAs7u5UUwxIpaPMTUbl3DQjsT0oVKIwIhw8,¿Qué dice el texto?
319,eyJhbGciOiJIUzI1NiIsInR5cCI6IkpXVCJ9.eyJzdWIiOiJ1c2VyMTYiLCJleHAiOjE3NDQwMTA3OTR9.b0PbuWZmxkLuVSiuQNjtekysGwHG0CyPItGX5QIVB2s,¿Qué dice el texto?
320,eyJhbGciOiJIUzI1NiIsInR5cCI6IkpXVCJ9.eyJzdWIiOiJ1c2VyMTciLCJleHAiOjE3NDQwMTA3OTV9.6AgXriuwvDBlt44BSVIPwE2RM691AjoxbMsW5y9_Fiw,¿Qué dice el texto?
321,eyJhbGciOiJIUzI1NiIsInR5cCI6IkpXVCJ9.eyJzdWIiOiJ1c2VyMTgiLCJleHAiOjE3NDQwMTA3OTV9.o-B0n-e34iUlNQXtswnv6IFbCX0-ilTwBwR4AEFl5tY,¿Qué dice el texto?
322,eyJhbGciOiJIUzI1NiIsInR5cCI6IkpXVCJ9.eyJzdWIiOiJ1c2VyMTkiLCJleHAiOjE3NDQwMTA3OTZ9.7mmFb_eZW0tdii1dvYpToy3qBpJ0QpXLbjksKP-9qEc,¿Qué dice el texto?
323,eyJhbGciOiJIUzI1NiIsInR5cCI6IkpXVCJ9.eyJzdWIiOiJ1c2VyMjAiLCJleHAiOjE3NDQwMTA3OTd9.XqDQjLBW6n3Ll-tEGFftq8clqE7CVoHO2i_CrHA0Bfw,¿Qué dice el texto?
324,eyJhbGciOiJIUzI1NiIsInR5cCI6IkpXVCJ9.eyJzdWIiOiJ1c2VyMjEiLCJleHAiOjE3NDQwMTA3OTh9.4qlkApr_eZBqGXqDS5AvVEK6QhDvrB-wA9dPaAO-D5A,¿Qué dice el texto?
325,eyJhbGciOiJIUzI1NiIsInR5cCI6IkpXVCJ9.eyJzdWIiOiJ1c2VyMjIiLCJleHAiOjE3NDQwMTA3OTl9.wFzfo-MzXiWmBbVie41s6RHQDtuhJUYcfGNb98FVhCk,¿Qué dice el texto?
326,eyJhbGciOiJIUzI1NiIsInR5cCI6IkpXVCJ9.eyJzdWIiOiJ1c2VyMjMiLCJleHAiOjE3NDQwMTA3OTl9.17TerHf_x_P0g4rWZ-GmUX7nK-3nZTzLARzd0gezzZw,¿Qué dice el texto?
327,eyJhbGciOiJIUzI1NiIsInR5cCI6IkpXVCJ9.eyJzdWIiOiJ1c2VyMjQiLCJleHAiOjE3NDQwMTA4MDB9.vNolQjQGjxewFlAL0d0tjtsEYQ0NkyoXXZ4OPPSfby8,¿Qué dice el texto?
328,eyJhbGciOiJIUzI1NiIsInR5cCI6IkpXVCJ9.eyJzdWIiOiJ1c2VyMjUiLCJleHAiOjE3NDQwMTA4MDF9.FVGF99EY23XukF6mFwxvYVS3PPbgJnOpiazPYmm97rE,¿Qué dice el texto?
329,eyJhbGciOiJIUzI1NiIsInR5cCI6IkpXVCJ9.eyJzdWIiOiJ1c2VyMjYiLCJleHAiOjE3NDQwMTA4MDJ9.wvw2k1cp_O6RYCH5QKD9GopfUebQEx4hYZSSa2-MVbE,¿Qué dice el texto?
330,eyJhbGciOiJIUzI1NiIsInR5cCI6IkpXVCJ9.eyJzdWIiOiJ1c2VyMjciLCJleHAiOjE3NDQwMTA4MDN9.AIOMaFePteE_BhKFR0mNrd1-UpUQKGf10Jl7encRTrg,¿Qué dice el texto?
331,eyJhbGciOiJIUzI1NiIsInR5cCI6IkpXVCJ9.eyJzdWIiOiJ1c2VyMjgiLCJleHAiOjE3NDQwMTA4MDN9.1FiyMZZ61flSmMOsaqFz4-RvDNM_aJE8VeYq-Ja7BhA,¿Qué dice el texto?
332,eyJhbGciOiJIUzI1NiIsInR5cCI6IkpXVCJ9.eyJzdWIiOiJ1c2VyMjkiLCJleHAiOjE3NDQwMTA4MDR9.tX_VvPPg6HzF2pnMIkch6nPmpSDdkQN6cApGPuCkZXM,¿Qué dice el texto?
333,eyJhbGciOiJIUzI1NiIsInR5cCI6IkpXVCJ9.eyJzdWIiOiJ1c2VyMzAiLCJleHAiOjE3NDQwMTA4MDV9.XV4EhsnHsU4CC9AUIkVLW7gUDmrO0XQ6mO8mYDoMT_A,¿Qué dice el texto?
334,eyJhbGciOiJIUzI1NiIsInR5cCI6IkpXVCJ9.eyJzdWIiOiJ1c2VyMzEiLCJleHAiOjE3NDQwMTA4MDZ9.9gNsxcC4E_CUCm0IRBlhS5hkYR3T-dDJqoPZx2mu574,¿Qué dice el texto?
335,eyJhbGciOiJIUzI1NiIsInR5cCI6IkpXVCJ9.eyJzdWIiOiJ1c2VyMzIiLCJleHAiOjE3NDQwMTA4MDd9.ABP4Bg9ymnzGviTpE_O_oEtOOMt5YvZKC7GyG6Tz_a8,¿Qué dice el texto?
336,eyJhbGciOiJIUzI1NiIsInR5cCI6IkpXVCJ9.eyJzdWIiOiJ1c2VyMzMiLCJleHAiOjE3NDQwMTA4MDd9.JOJPDdo7NUn-TC69q44uE-zFo5mBtuHPbdELiuTT7rs,¿Qué dice el texto?
337,eyJhbGciOiJIUzI1NiIsInR5cCI6IkpXVCJ9.eyJzdWIiOiJ1c2VyMzQiLCJleHAiOjE3NDQwMTA4MDh9.AUCxB_1A19wist8R87Q9mePoTToQexn7GbCqHl5SBCU,¿Qué dice el texto?
338,eyJhbGciOiJIUzI1NiIsInR5cCI6IkpXVCJ9.eyJzdWIiOiJ1c2VyMzUiLCJleHAiOjE3NDQwMTA4MDl9.yVMHwl5oR-2pb8glWApFZLCRlFWskj7SwXJcvDDyWw0,¿Qué dice el texto?
339,eyJhbGciOiJIUzI1NiIsInR5cCI6IkpXVCJ9.eyJzdWIiOiJ1c2VyMzYiLCJleHAiOjE3NDQwMTA4MTB9.2W3WsK6EwlOzdkUrcUG8aCuiRA45O7gON12sN0LFGKs,¿Qué dice el texto?
340,eyJhbGciOiJIUzI1NiIsInR5cCI6IkpXVCJ9.eyJzdWIiOiJ1c2VyMzciLCJleHAiOjE3NDQwMTA4MTF9.3fjrb6tg8JyEE0A3qGsUVRnYyGteX8KN3R2fDqhyGzY,¿Qué dice el texto?
341,eyJhbGciOiJIUzI1NiIsInR5cCI6IkpXVCJ9.eyJzdWIiOiJ1c2VyMzgiLCJleHAiOjE3NDQwMTA4MTF9.fuqHDiX4sBdxYJKeo9ZQv0GVO7FkvV0IR13hQ5fqhrI,¿Qué dice el texto?
342,eyJhbGciOiJIUzI1NiIsInR5cCI6IkpXVCJ9.eyJzdWIiOiJ1c2VyMzkiLCJleHAiOjE3NDQwMTA4MTJ9.ZO_yKF5J2n8SI_1jG3tbQxOuJv-FIQJrm3noT-C8nGA,¿Qué dice el texto?
343,eyJhbGciOiJIUzI1NiIsInR5cCI6IkpXVCJ9.eyJzdWIiOiJ1c2VyNDAiLCJleHAiOjE3NDQwMTA4MTN9.2A0SC7rRvnA9F2-0WAISMjKf12oAIg2KqxcVNKbibMo,¿Qué dice el texto?
344,eyJhbGciOiJIUzI1NiIsInR5cCI6IkpXVCJ9.eyJzdWIiOiJ1c2VyNDEiLCJleHAiOjE3NDQwMTA4MTR9.7MVxLw6HZ6Ks8a2OSZ1q_BbPBoQHj5_zrU4b8m0mNJ0,¿Qué dice el texto?
345,eyJhbGciOiJIUzI1NiIsInR5cCI6IkpXVCJ9.eyJzdWIiOiJ1c2VyNDIiLCJleHAiOjE3NDQwMTA4MTV9.peVNftZGToMpmv1CuILhiIKQhGYlW3d2QanNw-gnkPc,¿Qué dice el texto?
346,eyJhbGciOiJIUzI1NiIsInR5cCI6IkpXVCJ9.eyJzdWIiOiJ1c2VyNDMiLCJleHAiOjE3NDQwMTA4MTV9.ttzf37KpHmshvbrPgx_yVCQ0b1RFVpSDwbljeY8AXCA,¿Qué dice el texto?
347,eyJhbGciOiJIUzI1NiIsInR5cCI6IkpXVCJ9.eyJzdWIiOiJ1c2VyNDQiLCJleHAiOjE3NDQwMTA4MTZ9.avAaiUKN4uM029Z6UXAAs8C-G18F48Mcs44XoY6X-1I,¿Qué dice el texto?
348,eyJhbGciOiJIUzI1NiIsInR5cCI6IkpXVCJ9.eyJzdWIiOiJ1c2VyNDUiLCJleHAiOjE3NDQwMTA4MTd9.SN6W2tCSaz5xP1bLCA_0w19bbl55Iv6gXkAgf8fdoGs,¿Qué dice el texto?
349,eyJhbGciOiJIUzI1NiIsInR5cCI6IkpXVCJ9.eyJzdWIiOiJ1c2VyNDYiLCJleHAiOjE3NDQwMTA4MTh9.01vR-SkL2acaC-XSCBFkyo0GY9xGY1igjcroMD6zQVI,¿Qué dice el texto?
350,eyJhbGciOiJIUzI1NiIsInR5cCI6IkpXVCJ9.eyJzdWIiOiJ1c2VyNDciLCJleHAiOjE3NDQwMTA4MTl9.WdEkbGIDU91TtKfSHM11z0YZRhFy61GNtI1cqaCLHKg,¿Qué dice el texto?
351,eyJhbGciOiJIUzI1NiIsInR5cCI6IkpXVCJ9.eyJzdWIiOiJ1c2VyNDgiLCJleHAiOjE3NDQwMTA4MTl9.9uDg5vWfdYy3p3OTNY7fvzO_v6EhRZeELG5Z1SjxgZE,¿Qué dice el texto?
352,eyJhbGciOiJIUzI1NiIsInR5cCI6IkpXVCJ9.eyJzdWIiOiJ1c2VyNDkiLCJleHAiOjE3NDQwMTA4MjB9.d8d6jK5mzP5GZhj2pJmWi7sfUAhYz0aGZzCavJq-dVw,¿Qué dice el texto?
353,eyJhbGciOiJIUzI1NiIsInR5cCI6IkpXVCJ9.eyJzdWIiOiJ1c2VyNTAiLCJleHAiOjE3NDQwMTA4MjF9.UXJ95aSBEDRRTwmXcbARlFb6Men0GbvA_j4M7Fl3uew,¿Qué dice el texto?
354,eyJhbGciOiJIUzI1NiIsInR5cCI6IkpXVCJ9.eyJzdWIiOiJ1c2VyNTEiLCJleHAiOjE3NDQwMTA4MjJ9.AsGW2fSnNGl7Un6SYZHhwM7-coC8QCPIvjYop1Yg0HE,¿Qué dice el texto?
355,eyJhbGciOiJIUzI1NiIsInR5cCI6IkpXVCJ9.eyJzdWIiOiJ1c2VyNTIiLCJleHAiOjE3NDQwMTA4MjN9.G-bMVHWvmhm5SmHxoKKQZ8iiyT-UfUr7y-Rl79ua3Co,¿Qué dice el texto?
356,eyJhbGciOiJIUzI1NiIsInR5cCI6IkpXVCJ9.eyJzdWIiOiJ1c2VyNTMiLCJleHAiOjE3NDQwMTA4MjN9.JdDg0x2861a-r-xZsT8hiHipN8Dg9OIOtXPK1yzlilU,¿Qué dice el texto?
357,eyJhbGciOiJIUzI1NiIsInR5cCI6IkpXVCJ9.eyJzdWIiOiJ1c2VyNTQiLCJleHAiOjE3NDQwMTA4MjR9.8b9buvk3xCWwqSHCA_85npW3wGQTAMfiGvah8W_Ez2A,¿Qué dice el texto?
358,eyJhbGciOiJIUzI1NiIsInR5cCI6IkpXVCJ9.eyJzdWIiOiJ1c2VyNTUiLCJleHAiOjE3NDQwMTA4MjV9.fH0XRHuTAQ5f-Bvz1DkNLZWW95WkqbihXujYug_Tuv0,¿Qué dice el texto?
359,eyJhbGciOiJIUzI1NiIsInR5cCI6IkpXVCJ9.eyJzdWIiOiJ1c2VyNTYiLCJleHAiOjE3NDQwMTA4MjZ9.-Le8eN7PVwS93qbpOhOHt4KkHDK0_cCp0VIg09qwn_U,¿Qué dice el texto?
360,eyJhbGciOiJIUzI1NiIsInR5cCI6IkpXVCJ9.eyJzdWIiOiJ1c2VyNTciLCJleHAiOjE3NDQwMTA4Mjd9.5AaDnozBfFSDkLBAckdV2alGvSHGgRmQtakJF3O3Xik,¿Qué dice el texto?
361,eyJhbGciOiJIUzI1NiIsInR5cCI6IkpXVCJ9.eyJzdWIiOiJ1c2VyNTgiLCJleHAiOjE3NDQwMTA4Mjd9.K1t_-njabqJ9EvaIOTy2m0_PGIZH3gAu-YK8_cBv9jg,¿Qué dice el texto?
362,eyJhbGciOiJIUzI1NiIsInR5cCI6IkpXVCJ9.eyJzdWIiOiJ1c2VyNTkiLCJleHAiOjE3NDQwMTA4Mjh9.iWMRINZMxdOvRxlXrzuu8_cnVdB0w_OjNcEPa0sGksA,¿Qué dice el texto?
363,eyJhbGciOiJIUzI1NiIsInR5cCI6IkpXVCJ9.eyJzdWIiOiJ1c2VyNjAiLCJleHAiOjE3NDQwMTA4Mjl9.nG24nmcJPnadXwx2fgszPm0SwHpIhLLPVgvJT25B2z8,¿Qué dice el texto?
364,eyJhbGciOiJIUzI1NiIsInR5cCI6IkpXVCJ9.eyJzdWIiOiJ1c2VyNjEiLCJleHAiOjE3NDQwMTA4MzB9.aHlsS7ehlBDSOuxp1XXZ_s52SoOdXmSZOXIu2-GNA1I,¿Qué dice el texto?
365,eyJhbGciOiJIUzI1NiIsInR5cCI6IkpXVCJ9.eyJzdWIiOiJ1c2VyNjIiLCJleHAiOjE3NDQwMTA4MzF9.qDT1o9Waxh51oMLiQUfaP_7ubi86rtyvnhCw6Nzzn_8,¿Qué dice el texto?
366,eyJhbGciOiJIUzI1NiIsInR5cCI6IkpXVCJ9.eyJzdWIiOiJ1c2VyNjMiLCJleHAiOjE3NDQwMTA4MzF9.LVmwqTHpcp0C1r4U-k3vQxx1kBeF3DzghO0JM1P1cwM,¿Qué dice el texto?
367,eyJhbGciOiJIUzI1NiIsInR5cCI6IkpXVCJ9.eyJzdWIiOiJ1c2VyNjQiLCJleHAiOjE3NDQwMTA4MzJ9.7xGtDR_FWd0elPgO5fN-5amX90l6BeuZjoCr0yKMVaU,¿Qué dice el texto?
368,eyJhbGciOiJIUzI1NiIsInR5cCI6IkpXVCJ9.eyJzdWIiOiJ1c2VyNjUiLCJleHAiOjE3NDQwMTA4MzN9.pWWbokQ27APMWOWgrLiRM9IF_7jGoz0qnaSgVF7NBDc,¿Qué dice el texto?
369,eyJhbGciOiJIUzI1NiIsInR5cCI6IkpXVCJ9.eyJzdWIiOiJ1c2VyNjYiLCJleHAiOjE3NDQwMTA4MzR9.GSeaEM1wHGpCp1S0ex0EgANo4SVpPMi3rqzpLM-gpII,¿Qué dice el texto?
370,eyJhbGciOiJIUzI1NiIsInR5cCI6IkpXVCJ9.eyJzdWIiOiJ1c2VyNjciLCJleHAiOjE3NDQwMTA4MzV9.ubvypP-lYEx0b-llAK-we-rhComHkznIKlJrT74rCQ8,¿Qué dice el texto?
371,eyJhbGciOiJIUzI1NiIsInR5cCI6IkpXVCJ9.eyJzdWIiOiJ1c2VyNjgiLCJleHAiOjE3NDQwMTA4MzV9.yVsNID51Uenmi0mDo3SCCfnkigmhQfoN8haZwJAzW5c,¿Qué dice el texto?
372,eyJhbGciOiJIUzI1NiIsInR5cCI6IkpXVCJ9.eyJzdWIiOiJ1c2VyNjkiLCJleHAiOjE3NDQwMTA4MzZ9.5KNQSPWmec3f_7b_oeipG3IcZpQ81BWgXtgah6xZ4PE,¿Qué dice el texto?
373,eyJhbGciOiJIUzI1NiIsInR5cCI6IkpXVCJ9.eyJzdWIiOiJ1c2VyNzAiLCJleHAiOjE3NDQwMTA4Mzd9.UXnBghl6ew14LT9XTOOXgTMraOdDQUyKW6dSk_dJ8IA,¿Qué dice el texto?
374,eyJhbGciOiJIUzI1NiIsInR5cCI6IkpXVCJ9.eyJzdWIiOiJ1c2VyNzEiLCJleHAiOjE3NDQwMTA4Mzh9.B5caNFTREB9SDyeNCX5S-0cidEV-TBNJTRAqZAzwmLs,¿Qué dice el texto?
375,eyJhbGciOiJIUzI1NiIsInR5cCI6IkpXVCJ9.eyJzdWIiOiJ1c2VyNzIiLCJleHAiOjE3NDQwMTA4Mzl9.ru9pSDcwVOBIoNXZhDZw3RzhWTMd16FC0EwvoeKxzJg,¿Qué dice el texto?
376,eyJhbGciOiJIUzI1NiIsInR5cCI6IkpXVCJ9.eyJzdWIiOiJ1c2VyNzMiLCJleHAiOjE3NDQwMTA4Mzl9.e10-jbYvuvMfTIe7_9NeRcdhOny_TGdw7VbY3ayo3jI,¿Qué dice el texto?
377,eyJhbGciOiJIUzI1NiIsInR5cCI6IkpXVCJ9.eyJzdWIiOiJ1c2VyNzQiLCJleHAiOjE3NDQwMTA4NDB9.7qAA62mh1pWg1ayzb1192Aq6OOPVhp76CcJtENX-eWw,¿Qué dice el texto?
378,eyJhbGciOiJIUzI1NiIsInR5cCI6IkpXVCJ9.eyJzdWIiOiJ1c2VyNzUiLCJleHAiOjE3NDQwMTA4NDF9.dzqqR4BsrTtV46g3cu1b8iRCsBVENVKwnzEvmAYh6ec,¿Qué dice el texto?
379,eyJhbGciOiJIUzI1NiIsInR5cCI6IkpXVCJ9.eyJzdWIiOiJ1c2VyNzYiLCJleHAiOjE3NDQwMTA4NDJ9.-RiWLSMKEQPdn5SUhmD1U2vN2WlW_AfywtqUDe6NEOg,¿Qué dice el texto?
380,eyJhbGciOiJIUzI1NiIsInR5cCI6IkpXVCJ9.eyJzdWIiOiJ1c2VyNzciLCJleHAiOjE3NDQwMTA4NDN9.Egv_pZN98DYDDUVRwC4Lbz1WCw-Wld7-0nq2a8LpUzU,¿Qué dice el texto?
381,eyJhbGciOiJIUzI1NiIsInR5cCI6IkpXVCJ9.eyJzdWIiOiJ1c2VyNzgiLCJleHAiOjE3NDQwMTA4NDN9.X3YgNQ9s6PYTFSmSo1opXMkZh9e1ggfv_WxFHlf5wWk,¿Qué dice el texto?
382,eyJhbGciOiJIUzI1NiIsInR5cCI6IkpXVCJ9.eyJzdWIiOiJ1c2VyNzkiLCJleHAiOjE3NDQwMTA4NDR9.BzCpsToOpdlmFoCz14yGJqvTgkTlnVjPcQ7MKehjR7g,¿Qué dice el texto?
383,eyJhbGciOiJIUzI1NiIsInR5cCI6IkpXVCJ9.eyJzdWIiOiJ1c2VyODAiLCJleHAiOjE3NDQwMTA4NDV9.xT8KE5HZIlpT5ScwS8qQwznJaXVcoXLmIIlIfw-Tm98,¿Qué dice el texto?
384,eyJhbGciOiJIUzI1NiIsInR5cCI6IkpXVCJ9.eyJzdWIiOiJ1c2VyODEiLCJleHAiOjE3NDQwMTA4NDZ9.xTIcCM5KlXKT5aAy6tEDimFubCNRehJ8lziS_PCIMo4,¿Qué dice el texto?
385,eyJhbGciOiJIUzI1NiIsInR5cCI6IkpXVCJ9.eyJzdWIiOiJ1c2VyODIiLCJleHAiOjE3NDQwMTA4NDd9.dcg8NwgtnzZlnUTMK_XiIHxzbX93PrLiGNTJ4o9xJQ0,¿Qué dice el texto?
386,eyJhbGciOiJIUzI1NiIsInR5cCI6IkpXVCJ9.eyJzdWIiOiJ1c2VyODMiLCJleHAiOjE3NDQwMTA4NDd9.1z8Zx5-Hu1jeNV_ps7zCG1_EdR9xmlCydZcrw-lGKXY,¿Qué dice el texto?
387,eyJhbGciOiJIUzI1NiIsInR5cCI6IkpXVCJ9.eyJzdWIiOiJ1c2VyODQiLCJleHAiOjE3NDQwMTA4NDh9.C4mSvwYYSUjC-uZQKGQQxkqF4-OJdmZ9n2i6xXRleqk,¿Qué dice el texto?
388,eyJhbGciOiJIUzI1NiIsInR5cCI6IkpXVCJ9.eyJzdWIiOiJ1c2VyODUiLCJleHAiOjE3NDQwMTA4NDl9.CKzKOYirxvmIf6ovggO6p5cG0iMMCTu28aVMZm2amtU,¿Qué dice el texto?
389,eyJhbGciOiJIUzI1NiIsInR5cCI6IkpXVCJ9.eyJzdWIiOiJ1c2VyODYiLCJleHAiOjE3NDQwMTA4NTB9.FCJOcNKlF4rpEO1hIGy6tXuHJ2cjvkJm2jtOs_QrXqw,¿Qué dice el texto?
390,eyJhbGciOiJIUzI1NiIsInR5cCI6IkpXVCJ9.eyJzdWIiOiJ1c2VyODciLCJleHAiOjE3NDQwMTA4NTF9.j3STIPEdfNZKJi4rUQui2Fc4uwnb7zaRGws7v1Gpov4,¿Qué dice el texto?
391,eyJhbGciOiJIUzI1NiIsInR5cCI6IkpXVCJ9.eyJzdWIiOiJ1c2VyODgiLCJleHAiOjE3NDQwMTA4NTJ9.U1QSnpsMD_XAKN7U93IQL94IPTnH_0VpEBq0BopyTfg,¿Qué dice el texto?
,eyJhbGciOiJIUzI1NiIsInR5cCI6IkpXVCJ9.eyJzdWIiOiJ1c2VyODkiLCJleHAiOjE3NDQwMTA4NjF9.Yzyn4q0bKU--X4_eEA1KJj4WZXCtGpjYMj4Cdl3m7LU,¿Qué dice el texto?
,eyJhbGciOiJIUzI1NiIsInR5cCI6IkpXVCJ9.eyJzdWIiOiJ1c2VyOTIiLCJleHAiOjE3NDQwMTA4Nzd9.q1WsieCtzbhEeGvj9VBLeJ6qWP6XFIerVzlUJktA4T4,¿Qué dice el texto?
,eyJhbGciOiJIUzI1NiIsInR5cCI6IkpXVCJ9.eyJzdWIiOiJ1c2VyOTEiLCJleHAiOjE3NDQwMTA4NzF9.e2tUpNkqMOrL76FgJZwjAVYLbIweWqYSVf-EltLM1hQ,¿Qué dice el texto?
,eyJhbGciOiJIUzI1NiIsInR5cCI6IkpXVCJ9.eyJzdWIiOiJ1c2VyOTQiLCJleHAiOjE3NDQwMTA4NzV9.rGIX8TD1pMwdUhmCGd_IoKVWrPitB8Op9ZzhNoA-zeY,¿Qué dice el texto?
,eyJhbGciOiJIUzI1NiIsInR5cCI6IkpXVCJ9.eyJzdWIiOiJ1c2VyOTAiLCJleHAiOjE3NDQwMTA4NTd9.6rHUgwRjtW9DNoPJ7jv4q7c4C_RaPP_aCkxNEuBhFyA,¿Qué dice el texto?
,eyJhbGciOiJIUzI1NiIsInR5cCI6IkpXVCJ9.eyJzdWIiOiJ1c2VyOTMiLCJleHAiOjE3NDQwMTA4NzR9.w2qz4nCXG4aIdeBq6gw8edDQ_PV5mbDegkUni4g63tE,¿Qué dice el texto?
,eyJhbGciOiJIUzI1NiIsInR5cCI6IkpXVCJ9.eyJzdWIiOiJ1c2VyOTUiLCJleHAiOjE3NDQwMTA4ODR9.dKcFo-tCDcDvdznwFPEJB-06RQSEr5dTduZleMJmkP0,¿Qué dice el texto?
